"X","Comment","label"
1229,"۳تا از دلسترها با طعم هلو اومده برای عوض کردنش چیکار باید کرد",1
859,"با اینکه بعلت دیرکرد پیک با اپراتور صحبت کرده بودم و چون خودم حضور نداشتم قرار بر این شد که کالاهارو درب واحد به همسرم تحویل بدن اما بازهم کالاهارو داخل اسانسور گذاشتن 
بجای پک ۸ عددی باطری نیم قلمی پک قلمی و نیم قلمی ارسال شد، (احتمالا مشکل یا در درج اسم کالا داخل اپلیکیشنه که بصورت کامل نوشته نشده و یا کم دقتی خودم در انتخاب کالا)
تعداد بسته های شکر کم بود و یکی از بسته های شکر پاره شده بود و از همه بدتر تمام کالا ها شدیدا بوی دوده ی ماشین میداد",3
291,"موز کیلو ۶۰و... موز کوچک کیلو ۳۰ ارسال شده گوجه ارسال نشده گوجه چری ده تا دونه انار خشکیده یا ماموراتون مورد اعتماد نیستند یا وجدان کاری ندارید اعتماد می‌شود نزدیک ۷۰۰ خرید شده آشغال ارسال شده",1
8,"كالاهاي انتخاب شده اصلا ارسال نشده اند از كل فاكتور فقط آب آشاميدني و شير تحويل داده شده",1
599,"قند و شکر و نمک وایتکسی بود و غیر قابل استفاده بود .",1
2419,"نرم کننده لباس رو با مواد خوراکی یکجابسته بندی کردید که نرم کننده ریخته بود روی مواد خوراکی و بو گرفته بود و حلوا شکری که کلا دور ریخته شد . کلا مواد غیره خوراکی رو با خوراکی یکجا بسته بندی نمی کنن .",2
1252,"کشک مایع سمیه سفارش دادم کشک خشک تنقلاتی فرستادین",1
2276,"سلام یکی از بسته های برنج پاره شده بود و مقداری از آن ریخته بود. تقاضای رسیدگی دارم.",2
1000,"سلام
من ۴ بسته ۴ تایی شیر گرفتم که متاسفانه ٢ بسته از ۴ بسته بسیار بد از زیر جعبه ها لِه شده بودن ، مجبور شدم همه رو توی ظرف خالی کنم بجوشونم
چرا بسته‌های خراب و لِه شده رو ارسال میکنید !",1
412,"درب حلوا ارده کاملاً شکسته و آسیب دیده بود محصول هم کیفیت مطلوب را نداشت. اصلا راضی نبودم عکس کالا را در بخش پشتیبانی ارسال میکنم.",2
963,"یکی از تخم مرغها شکسته بود",2
1921,"متاسفانه پودر کافی میت باز شده بود و ریخته بود رو وسایل و یه مقداریش دور ریز شد",2
1259,"همه چیز خوب بود به جز شلغم و پرتقال که توشون خرابی داشت
از یک کیلو شلغم سه تاش بد بود و از دو کیلو پرتقال ۶تاش",1
1779,"وقتی محصول بدستم رسید ، در پلاستیکی نداشت ، جلد روی پنیر کامل پاره شده بود و پنیر به بیرون زیخته بود و سایر اقلام رو هم کثیف کرده بود.",2
1227,"روغن ورب منجمد بود
پیشنهادم اینه که قبل از ارسال کنترل بشه",1
1090,"کاهو پلاسیده بود و بروکلی همش چوبی بود",1
2244,"بجای کراکف پنیری 55 درصد گوشت قرمز 202
هاتداگ 60 درصد مرغ با پنیر گودا ارسال شده",1
1980,"سلام کالا را در خرید عمده با تخفیف مدنظر خریدم به تعداد زیاد تا از تخفیف برخودار شود ولی در زمان ارسال قیمت بیشتر زده شده و در کیف پول مبلغ اضافی را به عنوان بدهی ذکر گردیده است.",0
2568,"بسته بندی نان باز شده و درنتیجه برای من غیرقابل استفاده است",2
1607,"با سلام من ۲ شامپو سان سیلک ۶۰۰ سی سی که تخفیف داشت خرید کردم ولی بعد از پرداخت قیمت اصلی حساب شد ، با پشتیبانی تماس گرفتم ۳ تا ۳۵۰ سی سی جایگزین کردن به قیمت ۵۶۰۰۰ هزار ت وگفتن الان ۷۰۰۰۰ تومان میزنن وپس از تحویل مابقی از ۵۶۰۰۰ ت برگردانده میشه ولی مبلغ ۱۴۰۰۰ ت عودت داده شده، لطفا پیگیری بفرمایید، سپاس",0
1346,"با سلام
بنده هیچ توقعی بابت دریافت کالای هدیه ندارم واین پیغام صرفا جهت اطلاع رسانی می باشد در بسته تحویلی ژل ظرفشویی پریل موجود نبود",1
817,"متاسفم برای هایپر استار که اینقدر کیفیت تخم مرغاش پایین اومده واقعا اندازه تخم کفتره?",1
2125,"پرتقال ابگیری گفتم ن هرچی پرتقال خرابه اینا چی هستن دیگ خراباشو جمع کردین اوردین. از بازرگامم باهمین قیمت سفارش دادم ادم کیف میکنه پرتقالو میبینه",1
2552,"جنس شکسته میفرستین",2
2187,"بعضی شیرها نی ندارند",1
1189," پسته بی کیفیت",1
1949,"باره دوم هست که درخواست میگیرم وسفارش معیوب دستم میرسه امروز سفارشم بدون فاکتور دستم رسید پیک هم بخاطرگم شدن فاکتور جوابگو نیست فایرپاور که توفاکتور بعنوان هدیه ذکر شده هم جزو اجناس نبود",1
1294,"تخم مرغ برای ۱۱ روز پیش بود و
خمیر هزارلا تاریخ تولیدش برای ۵ ماه پیش بود و یک ماه از تاریخش فقط مونده بود",1
1286,"دو تا از لامپهای آفتابی روشن نمیشد!",1
4,"سلام وقتتون بخیر
نارنگی با قیمت ۱۹۹۰۰ خریداری شده ولی قیمت روی نارنگیه ارسال شده ۱۴۹۰۰ تومان ثبت شده است",0
1242,"دو مورد از کالاها ارسال نشدند?",1
3235,"قیمت شکلات ١۵٠٠٠تومان بود ولی برای من ٢٠٠٠٠تومان فاکتور شده بود",0
2784,"با توجه به تاخیر دو ساعته یخ مرغ کاملا آب شده بود طعم مرغ تغییر کرده بود .
در بازه زمانی تعیین شده ارسال نشده بود و ۲ ساعت تاخیر داشت . ساعت از ۲۳ گذشته بود که اجناس تحویل داده شد.
با توجه به بهتر بودن خدمات هایپر استار باکری (ارم) و تزدیک بودن به آدرس من لطفا مثل سابق شرایط خرید از هایپر باکری را برایم مقدور بفرمایید .متشکرم",3
2474,"سلام.اول که راننده اسنپ به عمد یا سهو ثبت تحویل کالا به مشتری را اعلام کرده بود.که پس از تماس مکرر با یک خانم کارشناس وآقای کشاورز و آقای خسروی و مکررا تماس من مشخص شد پیک به دروغ ثبت تحویل کالابه مشتری در اپلیکیشن نموده بود که پس از پیگیری جناب خسروی بعد با تاخیر ۵ساعته در ارسال کالا و عدم پیگیری کارشناس با بنده و بی تفاوتی اسنپ مارکت و عدم تحویل کامل کالاها از جمله تخم مرغ و بازبودن درب مایع مشکین شوی و ریختن آن در کیسه و با وجود تماس مکرر بنده و ثبت ۴ تیکت و بیشتر حدودا ساعت۲۰/۳۶دقیقه تازه از تهران تماس گرفتند که مشکل چیست که جای تعجب از رسم بدمشتری مداری داردوقبلاپیامک ارسال کالاهم ارسال میکردیدکه این هم حذف شده و خلاصه بی دقتی عدم نظارت و عدم اطلاع پاسخگوی مشتریان و بهانه های بیهوده فقط مشتریان را بدبین خواهدکرد.حال تکلیف بنده برای۵ساعت واندی معطلی و این شرح ماوقع چیست.",3
1139,"سلام
متاسفانه به علت بى توجهى !!!!!!؟؟؟؟؟؟يكى از بادى اسپلش هايى كه خريدارى كردم (زنانه ماى)قسمت ازپخش اسپرى ترك خورده ومقدارى هم ازاسپرى ريخته بود ، لطفاً پيگيرى شود.",2
809,"تخم مرغ شکسته بود!",2
1902,"افتضاح و اشغال.نصفه .پلمپ نشده.استفاه شده
کلک دروغ
قیمتا با بقیه جا ها بعد از تخفیفات یکی هست.هیچ فرقی ندارن.گول تخفیف نخورید",1
1507,"نوشیدنی گازدار انگور هابرت نصفش خالی شده بود توی کیسه",1
2686,"پیازها بیش از اندازه درشت بودند",1
2123,"درب شوینده ها شل شده بود و کل پاکت مایع پر شده بود",1
398,"روی بسته ۹ عددی تخم مرغ نوشته ۴۰۰۵۰۰ ریال شما ۴۴۵۵۰۰ حساب کردید چرا؟",0
1497,"۱- ژل ماشین ظرفشویی پریل(هدیه) همراه کالاها نبود(هدیه ایی برای ما نیاوردن)
۲ - برای تخفیفات بازه زمانی تعریف فرمایید؛در حال خرید هستیم پس از تکمیل خرید با مراجعه به سبد خرید متوجه میشویم که تخفیف بعضی از کالا ها تمام شده است.",0
1414,"یخ اب شده",3
2537,"لطفا بسته بندی مواد را جداگانه کنید چون چندبار باعث آسیب دیدگی شده است ممنون",2
2773,"سلام و عرض ادب، عسل اصل چهل گیاه نبود. رایحه عسل نداشت.",1
515,"پنیر پیتزایی که در تصویر بود و انتخاب کردیم برند ۲۰۶بود ، اما جنسی که ارسال شده است یک برند دیگری هست",1
590,"با سلام
اگه کمی بهتر ارسال بشن بهتره مثلاا دو عدد از تخم مرغ های من شکسته بود 
فقط خوبیش به این بود که داخل یک نایلون جدای از باقی سفارش بود که اونها رو کثیف نکنه",2
1122,"سلام 
خسته نباشید 
کسی که یه مقدار کم سفارش میده که نباید انقدر بی کیفیت بفرستین 
هویجا خیلی درشتن لیموها هم همینطور و یکی از لیموها از ۴ تا خرابه",1
2516,"سفارشی ک قرار بود ساعت ۷تا ۱۰ شب بدستم برسه ساعت ۱۱ رسید درصورتیکه من بیرون کار داشتم کارم کنسل شد بخاطر دیر رسیدن کالا 
و مغایرت قیمت کالا ...ظرفشویی ک ۴۰ هزار و خورده ای ادعا میکردن هست و روش تخفیف گذاشتن ...قیمت روشو نگا کردم ۳۴هزارو ۹۰۰ تومان بود نه ۴۰هزار و خورده ای وگرنه قطعا یه برند دیگه خرید میکردم...در کل بشدت ناراضی",0
2282,"در بسته بازوی بوقلمون یک بازو هست و یک تکه دیگه که ااز جای دیگه بوقلمون هست واون تیکه کهنه هست و بومیده و تغییر رنگ داده عکس میفرستم",1
424,"سویا تراریخته ،مرغ سالیذ تاریخ یک روز قبل بود",1
1974,"سلام خیلی خیلی متاسفم دو تا از کارتن کلوچه ها خالی بود چسبش باز شده بود و میان بقیه گذاشته شده بود خیلی بده واقعاً",1
3229,"با درود.
درخواست من اسپرسو دبل بوده و اسپرسو فرستاده‌اند.",1
1500,"قیمت ماست تو تخفیف ۳۵ ولی توی فاکتور ۵۱ حساب شده",0
2159,"چرا قیمت روی کالا از قیمت خرید کمتره و تازه تو لیست کالای تخفیف گذاشتین؟",0
1496,"با سلام.همه موارد خوب بود فقط کیفیت دستمال توالت هایپراستار خیلی خیلی بد بود و حجم دستمال خیلی خیلی کم بود کارتن داخل دستمال قطر خیلی بالایی داره به طوریکه بیشتر حجم دستمال کارتن توخالی وسطش هست خلاصه که اصلا کیفیت خوبی که نداره هیچ افتضاحترین هست ممنون",1
2871,"با سلام
یکی ازتون مرغ ها شکسته بود
در خرید قبلی هم این موضوع اتفاق افتاده بود",2
351,"ترکیده بود ماست",1
997,"سلام 
وقت بخیر
متاسفانه این دومین سفارش من در یک روز بعد از مدتهاست که هر دو مشکل دار فرستادید
متاسفانه سفارش من کوکتل گوشت پنیری 55% می‌باشد که شما کوکتل مرغ پنیری فرستاده آید لطفاً بررسی پیگیری و نسبت به مرجوع و تعویض آن با کالای سفارشی اصلی من اقدام فرمایید
من بعد از بیش یکسال دو‌تا سفارش انجام دادم که هردوتا ی آن در یک روز مشکل دار بودند
حتی امروز سفارش صابون من راهم حذف کردید
اینجوری ما مشتریان قدیمی را مایوس و پشیمان میکنید
این نشانه عدم اهمیت و احترام شما برای مشتری هست
عکس و فاکتور سفارش ارسال شده است

1401/10/22
با تشکر",1
3232,"نرم کننده لباس باز شده بود و ریخته بود داخل پلاستیک ☹️",2
1689,"متاسفانه اول یک ساعت باید محصول مورد نظرمون رو پیدا کنیم بعدش یک ساعت مونده ب تحویل تماس میگیرن میگن موجودی نداریم و چون مشتری مجبوره جایگزین میکنه",1
2504,"پشتیبانی جو دو سر پرک ٱ آ ب رو حذف و برند رشد رو جایگزین کرد ، اما متاسفانه محصول رشد جو پرک معمولی هست نه جو دو سر !! که متاسفانه هایپر و پشتیبانی اسنپ دقت لازم رو در جایگزینی کالا نداشتن و این محصولی هیچ کاربردی برای من نداره",1
1083,"دو عدد ماکارانی باز هست یک ادامس بیشتر نگذاشتید'''تو تا آدامس سفارش دادم",1
1170,"من ۴محصول سفارش دادم و فقط یک محصول بدستم رسید",1
3133,"چهارعدد از ۶ تخم مرغ کاملا شکسته بود",2
422,"با سلام و تشکر از زحمات عزیزان زحمتکش اسنپ مارکت متاسفانه این دومین بار است که بسته بندی ها پاره شده و تمام مواد ،داخل کیسه ریخته شده دفعه قبلی بسته بندی سبزیجات و مواد پروتئینی پاره شده بود و مواد داخل کیسه ریخته شده بود لطفا به این موارد رسیدگی فرمایید ممنون",2
169,"ست ۵ تکه ظروف پلاستیکی قفلدار هایپر استار خریداری کردم متاسفانه ۴ تکه هست و ۱ تکه کم هست.لطفا راهنمایی کنید",1
323,"فایر پاور هدیه ارسال نشده بود و تاخیر زیاد",1
2863,"بیسکوییت باز بود ... واقعا ک افتضاحه ، ممنون میشم پیگیری کنید",1
2844,"از تعداد ۱۳ عدد کیسه ۹ عدد تحویل شده است.",1
1726,"به جای یخ خشک در زیپ کیپ چند قالب یخ معمولی گذاشته بودن که زیپ کیپ خوب بسته نشده بود و یخ ها اب شده بودن و در گوشت چرخ کرده نفوذ کردن. اسنپ مارکت خیلی بد شده. الان چند بار شده که خریدام مشکل دار به دستم میرسه. دیگه از اسنپ خرید نمیکنم و از خانواده دوستانم هم درخواست میکنم خرید نکنن",1
740,"سلام لطفاکالای نامرغوب یاگاهاناموجودروازلیست موجودیهاحذف کنید",1
1021,"هیچ یک از گرم های اضافه دریافتی درست نبود.",1
581,"کره ها ارسال نشده بود که تماس گرفتم با پشتیبانی قرار بود پیگیری انجام بشه و تماس بگیرند که هنوز تماسی گرفته نشده.",1
1146,"کل نوشابه سون آپ خالی شده است",1
1439,"متاسفانه گوجه ها بسته بندی نداشت و بسیار بی کیفیت بود",2
2408,"بنده کوکتل بلغاری سفارش دادم کوکتل ساده فرستادن 
خودم بلد نبودم ساده سفارش بدم مگه",1
752,"تخم مرق ها شکسته بودند",2
1711,"ژل ماشین ظرفشویی تو سفارشاتی که به دستم رسید نبود",1
2203,"فلفل تولید ۱۳ ماه قبل است
وقیمت روی محصول ۱۲۲۵۰۰ در حالیکه من با تخفیف ۱۶۰ خریدم",1
3233,"معمولٱ محصولات پروتئینی از کیفیت پایینی برخوردارن وعلیرغم درج تاریخ روز مشخصه که تولید چند روز قبل هستن وتازه نیستن.اگه اینمورد مدنظر قرار بگیره وفروشنده ها موظف بشن محصولات باکیفیت ارائه کنن در اینصورت خرید از اسنپ مارکت بهترین گزینه خرید اینترنتیه.فیله مرغ خریداریشده علیرغم تاریخ روز مشخص بود که تازه نیست و نزدیک به فاسد شدنه.",1
1483,"گوجه فرنگی لکه های سیاه داره کیوی اکثراکال بعضی شل بود خواهشاً محصول بی کیفیت نفرستیدو بموقع محصول تحویل دهید",1
2471,"سلام وقت بخیر 
شکلات تلخ باراکا تازه نبود وبو میداد و مثل این بود که یکسال ازش گذشته
کاش اگر تخفیف روی کالا گذاشته میشد کیفیت هم در نظر گرفته میشد",1
958,"تو عکس شمع قرمزه و من برای تولد میخواستم اما برای من شمع سیاه فرستادن☹️",1
885,"عصاره الیت. ارسال نشده",1
340,"بعضی از سفارش ها دقیقاً اون چیزی نیست که خریدید.",1
672,"محصول بهداشتی پلمپ نبوده",1
388,"نارنگی بی کیفیت",1
331,"پیک اقلام رو جلوی درب توی کوچه گذاشته بود. و صبر نکرد که بیام پایین و تحویل بگیرم و رفته بود.
درضمن یکی از کالا ها عوض شده بود و جنس دیگه ای بجاش ارسال شده بود و تغییر یافته بود. متاسفم",3
2786,"باسلام. دیروز که هوا بارانی بود محصولات سفارشی من را با با وانت (عقب وانت) آوردند پلاستیک‌های کالاها ازشون آب می‌چکید. پودر لباسشویی ها خیس وخراب شده بودند وقابل استفاده نبودند. لطفا درچنین روزهایی کالاها با وانت روباز تحویل داده نشوند.",3
1639,"من شیر پرومیلک کاله با پروتیین وی با قیمت ۴۵هزارتومن سفارش دادم ولی نوع دیگر پرومیلک با قیمت ۳۸هزار تومن ارسال شده",0
1420," 5 تخم مرغ",2
2813,"من یه بسته ۱/۵کیلویی سینه مرغ سفارش دادم که وزنشون کم بود وفیله هم نداشتن واقعا متاسفم کم فروشی توی این اوضاع ه گرونی آخه چرا ؟؟؟؟",1
1168,"گوجه گیلاسی به جای گوجه بوته ای داخل عکس ارسال شده و مورد تایید نیست",1
3055,"ارسال ماالشعیر جوجو تاریخ گذشته",1
865,"متاسفانه لیموترش بسیار درشت فرستادند !!",1
878,"بر روی محصول نودل جهان، ۸۵ گرمی ذکر شده، در حالیکه ۷۵ گرمیست، این مغایرت در هنگام خرید گمراه کننده‌ست، چرا که تفاوت در قیمت و وزن این محصول برای خرید انگیزه ایجاد میکند، و گرنه محصولات با کیفیت بهتر و با همین وزن موجود بود.
لطفا رسیدگی کنید.",1
1936,"کاهو تازه نبود",1
892,"من نرم کننده مو ثبت کرده بودم اما تو خریدهام نبود",1
1699,"مایع لباس شویی جنرال نویتکس نصفه شده بود ریخته بود چون عجله داشتم مسافر بودم پیگیری نکردم و استفاده کردم",2
1442,"دو تا از تن ها ضربه دیده و قر شده و تخفیفش هم لحاظ نشده",2
527,"شیر تاریخ مصرف گذشته فرستادن",1
1488,"کیفیت سیب زمینی و پرتقال جالب نیست",1
40,"درب ماست درست بسته نشده بود و در اثر تکانهای زیاد ماست آب انداخته بود و شبیه دوغ شده بود و مقداری از ماست داخل مشما ریخته شده بود",2
442,"موز سبز و نارس تحویل دادید

همه موزا سبزه",1
1728,"بسته بندی رو تغییر بدین

کمی شکیل تر و قوی تر ??
کیسه پارچه ای با لیبل مربوط ب فروشگاه",2
2818,"با سلام کالا ها را در پشت وانت در زمان بارندگی شدید باران برای من ارسال شده و اکثر پودر رختشویی ها آسیب دیده",3
887,"پنیر سفارش داده شده ،پنیر ۲۰۶ با ۴۰ درصد تخفیف بود،در حالی که پنیر ارسال شده یک پنیر دیگه با کیفیت پایین بود،که قیمت اصلی پنیر از سفارش ما کمتر بود،متاسفانه قبلا هم این کار انجام شده بود ،ولی ما پیگیری نکردیم،لطفا این نوبه حتما بررسی بشه و من واقعا ناراضی هستم",0
111,"قارچ بی کیفیت",1
2253,"باسلام بسته شش تایی آب معدنی بایستی در بسته بندی خودش باشه نه فله ای بطوری که فشار داده شده بود نایلکس کلی آب توش بود هزینه بسته بندی برای چیست؟رسیدگی کنید",2
1023,"سلام،بازم مغایرت قیمت در قندوشکر،لطفا پیگیری شود،بنده کاسبکارم و این قیمت برایم مقرون بصرفه نیست،ممنوون",0
3031,"از ۶ عدد تخم مرغ، یکی شکسته ودر ظرف پخش شده. یکی کاملا روی اب می مونه یعنی کاملا فاسد شده و۴ عدد بعدی نیمه معلق در اب می مونه یعنی نزدیک به فساد عملا هزینه تخم مرغ اضافه دریافت شده
یکی از روغن ها نیز ظرفش فرورفته وضربه دیده هست. 
امیدوارم رسیدگی کنید",1
1163,"چندمین بار هست که وسایل تمیز کننده با ظرف شکسته و ریخته شده به دستم میرسه
لطفا دقت بیشتری داشته باشید ....",2
3182,"درب پنیر سوراخ شده و آب کثیف وارد آن شده بود",2
605,"کا لا ها مال عصر قدیم بودنند",1
3047,"با سلام ،۲ بسته تخمه کدو گوشتی سفارش دادم ،یک بسته ارسال شده است ،
لطفا قیمت ما به التفاوت مرجوع شود یا مجددا ارسال کنید",1
2962,"لطفاً بگید برای حمل تخم‌مرغ‌ها دقت بیشتری صورت بگیره که نشکنن، تعدادی از تخم‌مرغ‌ها شکسته بدستم رسیدن.",2
311,"سلام. بجای کروسان 60 گرمی، 45 گرمی برام ارسال شده بود. ممنون از پیگیریتون",1
1022,"افتضاح توی الوچه مو بود کلشو ریختیم دور چرا نظارت نمیکنید رو مسایل بهداشتی؟ پرسنل کلاه سرشون کنن اینقدر براتون سخته؟",1
2259,"بنده سس فرانسوی بیژن سفارش دادم برای من سس کچاپ ارسال کردن",1
3124,"سلام يه شونه تخم مرغ تمامش شكسته بود",2
767,"سلام وقتتون بخیر من ذغال سرخ کنی که خریدم دسته ش که چوبی هست یه ترک بزرگ داره متاسفانه",1
143,"برای ناگت قیمت مصرف کننده 150/0000 تومان ثبت شده و قیمت خرید من هم 150/000 تومان بوده = تخفیف 0 داشته 
تاریخ تولید ناگت برای 3 ماه قبل است

تاریخ تولید قدیمی # با درج قیمت جدید",1
2618,"ژل آتش زا همراه ذغال نبود!",1
441,"ماست تاریخ گذشته ارسال شده، واقعا متاسفم، سریعا پیگیری کنید",1
3039,"با این که موقع سفارش زده تخفیف زده بودید برای مایع سفید کننده و پودر ماشین لباسشویی و ماالشعیر جوجو. ولی وقتی به دستم رسید دیدم هیچ تخفیفی ندادید. ?",0
3119,"بنده روغن سه لیتری سفارش دادم برای من ۲۷۰۰لیتری اوردن واقعا متاسفم",1
1112,"عکس کالا بزرگتر خیلی بزرگتر از اصل ان بود",1
316,"بیش از نیمی از مدت مصرف الویه و سوپ جو نامی نو و همچنین یکی از پچ پچ ها گذشته است.",1
1055,"خیلی بد تقریبا نصف کالاهایی که میخواستم و ثبت کردم و برام مهم بود با اینکه تا لحظه تحویل توی سایت بود اما تماس گرفتن ک موجود نیست و مابه تفاوت به کیف پولم اومد‌خیلللللللی بد اول موجودی کالاهاتون چک کنید بعد توی سایت بزارید این دفعه هزارمه ک برام این اتفاق افتاده",1
918,"با عکس فرق داره من نمیخوام",1
463,"مایع نرم کننده درش شل بود با اینکه مثلاً دورش چسب پیچیده بود و ریخته بود داخل نایلون و بخشی ازش هدر رفت داخل کیسه?",2
36,"متاسفانه پیازها خیلی درشت بودن",1
271,"اغلب اجناسی که زمان مصرفشان روبه اتمام است ارسال میشوند نارنگیها خراب زیاد داشت درصد تخفیف کم شده",1
2220,"راننده بد اخلاق بود متاسفم برای شما",3
505,"بسته بندیتون پاره شده نصفش ریخته پیشه تاید و دستمال کاغذی قابل استفاده نیست",2
1605,"لطفا خامه یا ماست موسیر که روی ظرفش با کاغذ نازکی پوشیده شده در باکس مقوایی حمل شود تا آسیب نبیند",2
891,"قیمت دو قلم کالای مشخص شده (آبمیوه زردآلو و سیب،موز) مغایرت زیادی با قیمت اصلی سایت داشت. البته از قیمت نهایی پس از تخفیف کمتر نبود ولی این تخفیف درواقع فیک بود. تاریخ انقضای آنها نیز بسیار کم بود.",0
490,"پاستیل بلوبری شیبابا تاریخ گذشته له شده و غیرقابل استفاده میباشد در گزارش مشکل ثبت کردم تا مبلغ به کیف پولم واریز شود لطفا جنس تاریخ گذشته به مشتری ندهید تشکر",1
1097,"متاسفانه سس ارسال نشده بود",1
863,"بجای ست کالای مورد نظر کالای تک ارسال شده",1
2518,"سلام مایع ظرفشویی پریل مقداری از آن خارج شده و کثیف و آلوده شده بود ...
با توجه به اینکه سفارش برای شب و هوای سرد فعلی بود لزومی به استفاده از قالب یخ نیست ک همه جا رو پر آب کرده...
در ضمن سفارش خارج از بازه و حدود ۴۵ دقیقه زودتر از موعد رسید ک مشکلاتی جهت تحویل ایجاد کرد چون جهت دریافت تو اون تایم نبودم ....",2
304,"واقعا متاستفم که انقدر بی دقت هستید که سفارش مشتری ثابتتون نصفه ارسال کردید تا جایی که بتونم دیگه از اسنپ مارکت خرید نمیکنم",1
2065,"قبلا هم گفتم
این روش حمل محصولات شوینده درست نیست
همین جور میریزن روی هم 
هر دفعه من خرید کردم حتما یکیش آسیب دیده
الان هم یه دونه مایع نرم کننده سافتلن درپوشش محکم نبوده تقریبا نصف شده
زحمت محکم کردن درپوش رو به خودشون نمیدن دلشون خوشِ چسب پهن زدن روی سرش",2
955,"كليپس طلائي انتخاب كردم مشكي فرستاديد",1
1903,"ماست فرستادی امروز 15 هستش انقضاش 16 ام خجالت نمیکشی !",1
2672,"درب مایع لباستشویی و مایع سفید کننده باز شده بود و محتوای آن ریخته بود",2
1645,"سیب زمینی خیلی کوچک بود کاهو خیلی کهنه بود نارنگی اصلا یافت نبودسیب خراب داشت",1
1143,"سفارش با ساعت ها تاخییر رسید و پیک با بی احترامی کامل و رفتار نادرست بسته ها را تحویل داد
به همین دلایل از این خرید به شدت پشیمان هستم",3
895,"سلام خسته نباشید بنده یک بسته سیرابی گوسفندی سفارش دادم که متاسفانه سیرابی گوساله برام فرستاده شده چرا ؟",1
339,"یکی از بسته هاز شکر پاره شده و مقدار زیادی از شکر آن خالی شده بود.",2
3066,"یک تخم مرغ شکسته بود و آبش کل کیسه رو گرفته بود.
در ضمن پیک هم نیاورد بالا درب منزل
و اجناس رو گذاشته بود توی آسانسور.",2
1103,"قیمت روی کالا کمتر از قیمت خرید هست",0
1376,"صابون میخواستم بجاش کیسه فریزرفرستادن بدون اطلاع قبلی ?",1
390,"وایتکس ریخته/کره له شده/در ماست شکسته",2
1222,"سلام دوست عزیز قیمت ماکارونی در اپلیکیشن با قیمت محاسبه شده متفاوت میباشد !",0
2063,"با سلام
تاریخ تولید و انقضای کالا پاره شده بود و من که بچه کوچیک دارم برام مهمه",1
2510,"چرا چند سفارش باهم ارسال میکنید که با این شرایط افتضاح وسایل بیاد که بریم خودمون تحویل بگیریم
چرا رسیدگی نمیکنید",3
280,"سلام من نمیدونم وقتی نمیخوایید هدیه رو بدید چرا فاکتور میکنید این سومین باره که هدیه فاکتور شده ولی هدیه ای در کار نیست و سیب زمینی هم نوشتید درجه یک حتی درجه سه هم نیست سوسیس هم همش له و لورده هستش دیگه تخفیف هم که نمیدید و سایت هم هنگه هنگ من برای این خرید یک ساعت درگیر با سایت شما بودم اصلا از خرید در اسنپ مارکت دیگه مثل سابق راضی نیستم امیدوارم این مسائل پیگیری بشود.",1
129,"از هردو انرژی زا یکی فرستادده بودند در سفارشم ۲ تا بود",1
1493,"سلام
همبرگر 90% ارسال شده باز بود.",1
694,"واقعا متاسفم برای این سرویس دهی که ساعت ۱۴ تا۱۱ هست میزارن ساعت آخرش میارن وقتی هم که میارن محصولی که سفارش دادم کلوچه خورد بود و در جعبش باز بود و دوتا محصول هم سفارشام نبود موجودی نبوده وقتی موجودی ندارید برای چی تو سایت موجود میزنید اول و آخرین بار بود که از این هایپر خرید کردم",1
1555,"خامه پاره",2
3043,"درود
کالای چیپس چیزی دیگه به تاریخ انقضای نمانده بود و در واقع ۵ ماه از تولیدش می گذشت و بوی ماندگی و طعم گیل شدن پیدا کرده بود. این سو استفاده از اعتماد مشتری است که محصول را ندیده میخرد که مطمئنا به اعتبار مارکت آسیب می زند .",1
864,"اولین سفارشم بود که متاسفانه کالا اشتباهی فرستادن",1
742,"شكستگي يك تخم مرغ دربسته بندي",2
1740,"یکی از مرغ ها قسمت سینه و رانش کبود بود و بوی بدی میداد",1
2057,"این اصلا دونات نبود ، مینی دونات بود تازه هم نبود 
ی سری چیزا هم از سفارشم حذف شده بود انگار",1
700,"پلمپ یکی از کرم ها پاره بود و در ضمنامکان ارسال تصویر به راحتی امکات پذیر نبود",2
1283,"سلام
اصلا ب درد نمیخوره",1
1087,"بسته پنیر پاره بود گزارش مشکل عکس ارسال شد",2
128,"من بين ساعت ١٨ تا ٢١ سفارش داده بود
ولي ساعت ٢٢/٣٠ به دستم رسيد
در اين سري از خريدم اصلا راضي نبودم در ضمن سه قلم از خريدها به علت عدم موجودي كنسل شد",3
520,"همه چیز خوب بود فقط ماست ارسالی مغایر با مشخصات عنوان آگهی بود (پرو بیوتیک نبود)",1
117,"مغایرت وزن محصول",1
1049,"سلام وقت بخیر
تخم مرغ بسته ۲۰ عددی گرفتم که الان نگاه کردم تاریخ انقضاش تا ۲۷امه 
فکر نمیکنم هیچ خانواده ای توی سه چهار روز ۲۰ تا تخم مرغ بخوره",1
908,"یکی از خامه ها در حین حمل و ارسال سفارش آسیب دیده و شکسته شده بود",2
583,"سلام
عکس تبلیغ در اپلیکیشن هیچ گونه شعله و ناخالصی ندارد در صورتی که کوشت ارسالی شعله و ناخالصی دارد
لطفا رسیدگی فرمایید
عکس هم نمی شود ارسال کرد",1
2724,"متاسفانه دو تا شیشه تا نصف خالی شده بود و همین جور چکه میکرده و همه جا رو کثیف کرده بود",2
213,"قیمت بلغور جو رو بسته اش زده ۲۲۲۵۰۰ ریال 
اما قیمتی که فروخته شده ۴۵۱۰۰۰ ریال .
تولیدش ۱۴۰۰،۱۱،۱۰
انقضاش ۱۴۰۱،۱۱،۱۰ هستش 
یعنی حدود ۳ هفته دیگه منقضی میشه",0
2661,"جای زعفران شکسته بود. وشیشه در دار درش چند تکه و جداست البته من سایز کوچیک برای زعفران میخواستم ولی خیلی بزرگه درشم خرابه.",1
3004,"یکی از کیسه ها پاره شده بود و محصول مایع لباسشویی پرسیل تحویل داده نشد",2
2025,"تمام قارچها تاریخ گذشته بود ولی مجدد تاریخ خورده و سیاه شده
هزینه تحویل سریع زدم ولی خیلی دیر تحویل دادن",1
2717,"پیک در تحویل کالاهای شکستنی میبایست دقت بیشتری کند",3
2350,"پیک خیلی غر زد که مقدار سفارش زیاده و بلاخره راضیش کردم که .... اورد داخل ایانسور گذاشت و ممنونش هم هیتم ولی یکی از نوشابه گازدارها نصفش کمتر خالی شده بود چیزی دیگه توش نبود!!! و مهمتر از همه هیچ کدوم از کد تخفیف ها کار نمیده الکیه من چند باره دارم میزنم و کار نمیده سرکارمون گذاشتن، خب ما که زور نکردیم ، نفرستید کد تخفیف والا",0
2924,"تعداد ۱۴ کالا کسر دارد تحویل داده شده است با پشتیبانی هم تماس گرفتم",1
3213,"درب شامپو شل بسته شده بود یک مقدار ریخته بود",2
2330,"شنسل ها و پیتزا نرم شده بودند و یخشان باز شده بود",3
660,"نزدیک بودن تاریخ انقضاء کالا",1
821,"گوشه های تمام کاغذ ها خم شده و شکسته شده.",2
1006,"موز و بقیه میوه ها بجز هویج کیفیت خوبی نداشتتد",1
65,"ریخته بود تو پلاستیک",2
1131,"تابه رو رنگ قرمز آوردن چرا؟",1
1793,"با سلام
حداقل انتظار از مجموعه اسنپ این هست که آداب اولیه صحبت کردن و مشتری‌مداری را به پیک‌ها گوشزد کنند.",3
3237,"پیک خیلی بد صحبت می کرد ... لوکیشن بد ... درست آدرس نداید..کلی قرقر ... بد صحبت کردند ...
در صورتی که من چندین بار دارم خرید میکنم و این بار اولم نبود نه آدرسم تغییر کرده نه لوکیشین...",3
1866,"برادر/خواهر ،دوست عزیز روی بسته تخم مرغ نوشته شده تخم مرغ قهوه ای ،بعد شما به عنوان تخم مرغ محلی به من فروختید،من متوجه نمی شم چه کسی برای رنگ پوست تخم مرغ، تخم مرغ رو می خره که رنگش می کنن غیر از کلاه برداری؟حالا رنگش کردن حداقل بگید که نره تو پاچمون ...تخم مرغ قهوه ای عنوان محصول هست لطفا تو سایت اصلاح بفرمایید ننویسید محلی ،این تخم مرغ محلی نیست،همون ماشینی هست که پوستش رنگ شده. /بسته بندی کالاها با دقت انجام شده بود ممنون از مسئولیت پذیری بخش بسته بندی .",1
1268,"بسته بندی لپه سوراخ شده بود کاملا ریخته بود
سس گوجه فرهنگی تند بیژن تاریخش گذشته",1
485,"بسته پنیر پیتزا خاکی بود،،،
حتما زمین افتاده،،،

چند وقت پیش هم مثل این بود که قوطی خامه لگد شده،،
در ضمن یخ داخل کیسه هم آب شده بود و پاره بود،،
و خامه توی اون آب یخ خیس خورده بود،،
البته اطلاع داده بودم به پشتیبانی ،
اما پنیر پیتزای امروز هم خاکی شده بود!!!!!!",1
2173,"سلام وقت بخیر 
ما خرید زیاد داریم از شما 
کارتون درسته 
تقریبا تمامی موارد بالا که در عیب ها ذکر شده برعکسش به عنوان حسن در نظر می گیرم فقط گوشتی که ارسال شد زیرش بعضی از نقاط سیاه بود و کمی بو می داد ببینید گوشت داستانش با بقیه خوراکی ها فرق داره خرابیشم خدا نکرده هم‌مسمویت داره هم پولت حروم میشه لطفا بگین دقت بیشتری داشته باشن ما خیلی بهتون اعتماد داریم که گوشت و مرغ خرید می‌کنیم مد نظرتون باشه 
ضمنا در چند بسته قبلی بسته بندی یخ ها ضعیف بود یعنی نوعشم‌فرق داره یه جورایی آب شده بود و داخل پلاستیک ریخته بود اینم درستش کنین 
با تشکر از اسنپ مارکت و کارکنان زحمتکش و فهیمش",1
1685,"قسمت مشکل ارسال هم اعلام کردم به جای پرتقال خونی برام نارنگی ارسال شده. تا الان پیگیری انجام نشده.",1
2172,"مشکل عدم هماهنگی اپلیکیشن با انبار اسنپ و متوجه نشدن انبار برای دریافت سفارش واشتباه و کم فرستادن اقلام 
مثلا دستمال توالت سفارش دادم ۴ بسته دستمال پاپیا دولایه ۴ عددی با تخفیف ۱۳۳۰۰۰ تومان فقط چهار عدد فرستادن حتی پشتیبانی هم متوجه نشده که باید ۴ تا ۴ تایی بفرسته میگه درسته میگم ۴ تایش ۳۸۰۰۰ تومانه 
تازه صبح با پشتبانی زنگ زدم گفتم اشتباه نفرستن اگر اشتباه میشه کنسل کنم زنگ زده انبار گفت نه مشکلی نیست",1
3222,"گوشت مخلوط گوساله تحویل داده نشدبقیه کالا ها بود ولی گوشت مخلوط نبود در صورتی که من خرید کرده بودم و در فاکتور هستولی تحویل داده نشده به من",1
1742,"متاسفانه خامه از قسمت آلمینیوم درش پاره شده بود خامه اش ریخته بود",2
684,"سلام پشت گردنی ارسالی پاره وکهنه می باشد",1
3149,"آب لیمو ها شکسته و یک بسته قند یه کمیش آبلیمویی شده",2
405,"تمام مرغ هاي ارسال شده بعلاوه جگر كه سفارش داده بودم تاريخ ديروز بود و اين مورد براي من خوشايند نبود ترجيح ميدادم تاريخ روز ارسال شود همچنين كيفيت ران مرغ پويا خوب نبود خيلي درشت بود و پر از لكه هاي خونمردگي",1
1484,"باسلام
قیمت درج شده روی بسته بندی مرغ۹۴ هزار تومان قیمت فاکتور شده ۱۰۴ هزار تومان!!",0
1889,"دیگه الان از تره بارم میوه میخریم دستچینه اونوقت شما از چهارتا پرتقالی که برام فرستادید ۳تاش آسیب دیده وخراب بود",1
2349,"سلام. وقت به خیر...
متاسفانه در دو خرید اخیر، پیک هر بار ۱ ساعت تاخیر داشته است ( گویا این رویه تبدیل به عادت شده است).. هر بار هم پشتیبانی این گونه توجیه می کنند که کمبود پیک داشتیم!!
ای کاش برای وقت مردم ارزش بیشتری قایل بودید..",3
1732,"متاسقانه فایر پاور هدیه درون بسته ام نبود",1
2435,"سلام وممنون بابت زحمات ،متاسفانه درخريد امروزتخم مرغ طلايي تنظيم بازار به قيمت68/739 تومان حساب شده ولي محصول فرستاده نشده لطف بفرماييد مبلغ رو به كيف پول انتقال بديد، باسپاس",1
187,"دستمال کاغذی له شده- ",2
2177,"متاسفانه میگو رگ زده نیست",1
256,"اقلام ذکر شده در تحویل کالا از قلم افتاد ه بود",1
231,"لطفاً آنقدر چیزی که می‌فرستید با جبری که سفارش داده‌ایم مغایرت نداشته باشد",1
1337,"در مورد پیاز! باایکه چند بار خواستم پیاز درشت نیاورید باز امروز همانطور درشت آوردند.",1
93,"مایع جرم گیر به دلیل بسته بندی بد یاحمل نامناسب پیک داخل بسته بندی ریخته شده بود سس تندمهرام ازتاریخ انقضاء فقط یک هفته باقی مانده است شیشه کشک شکسته است",2
1874,"من ١٤ بهمن سفارش دادم ولي تاريخ توليد تخم مرغ ٢٤ دي هست و انقضاش ٢٤ بهمن 
و ما اينهمه تخم مرغ رو چه جوري تا ١٠ روز بعد مصرف كنيم!!!!گذاشتن مونده ترين رو دادن",1
354,"محصولات پروتینی کیفیت پایینی دارد، چندسری گوشت قرمز و مرغ خریداری کردم که هر سری گوشت ها فاسد بودند و بوی نامطبوعی داشتند و هر سری دور ریخته شد. لطفا به این موضوع رسیدگی کنید.",1
2969,"سفارش و بسته بندی بسیار عالی بود متشکرم اما اقای پیک با حالت طلبکار وسایل را جلوی واحد اورده و به زمین کوبید متاسفانه از بسته ۲۰ عددی تخم مرغ ۵ عدد داخل شانه خرد شد لطفا به مسئولین ارسال تفهیم بفرمایید که برای انجام وظیفه شون دستمزد میگیرند و از مشتزی طلبکار نیستند",3
787," شوینده ریخته",2
1752,"با عرض سلام خدمت شما . از کیفیت جوجه کباب ناراضی بودم چون واقعا جوری خورد شده بود که بیشتر پوست واستخوان بود انتظار داشتم لااقل به اندازه پولی که پرداخت میشه کیفیت داشته باشه اما متاسفانه اصلا خوب نبود . در ضمن درب یکی از پنیرها نبود اگر حضوری برمیداشتیم قطعا درب دار بود و اینطوری پنیر پس از باز شدن زودتر خراب خواهد شد لطفا برای خرید غیر حضوری اعتماد ما مد نظر قرار بگیرد .. خیلی متشکرم",1
747,"متاسفم بابت این همه اشکال وخرابکاری پیک ها ومن بشدت ناراضی هستم ازاین موضوع ودیگه اصلا هیچ سفارشی ثبت نخواهم کرد جز رواست خودرو????",3
929,"سلام
قیمت 340000تومان خورده ولی 387000محاسبه شده",0
2630,"وقتی می خوای بخری تخفیف 24 درصده بعدا متوجه میشی توسبد تخفیف ش کمتر حساب کردن و تو متوجه نشدی. و این کلاهبرداری محضه. به کجا داریم میریم",0
208,"باسلام
قیمت درج شده روی بسته چایی(تاریخ تولید فروردین) ۲۱ هزار تومان می باشد، در حالی که در قیمت هایپر استاد ۲۵ گفته شده و تخفیف ۲۸ درصدی ارایه شده. بدیهی ست کشف مجدد چنین خطایی جرایم خاص تعزیراتی خواهد داشت.",0
2248,"تخم مرغ ۱۵ تای و شامپو هدیه نبود 
و کنجد توش شته بود",1
184,"قیمت مصرف کننده روی بسته ۲۶۰ هزار تومان خورده",0
10,"بوی نامطبوع و ماندگی گوشت بوقلمون و قارچ ارسالی دارای کیفیت نامطلوب و همچنین قورمه سبزی از حالت انجماد کاملا درامده",1
1786,"سلام خسته نباشید.از ۳ تا پرتقال ۲تا خراب بود و نارنگی ها خیلی ریز بود.بازم ممنون که رسیدگی می کنید.",1
463,"سفارش اصلی من پنیر پیتزا بود که حذف کردید. کالای جایگزین رو باید خودمون انتخاب کنیم نه از دو تا محصول گرون شما",1
1579,"قیمت روی محصول متفاوت و ارزان تر بود.",0
845,"سلام اولا حامل با تاخیر ۱/۵ ساعته امده طی تماس با پشتیبان محترم و با تماس گرفته شده با راننده با لحنی زشت ودادوفریاد اشاره کرد من نمی دانم کجام .با اینکه صدها خرید انجام شده تا بحال از سوی دیگر افراد زحمت کش شما تحویل وتقدیر شده ایشان کاملا بی ادب و پرو بودند",3
2143,"تخم مرغ ها ۱۲ تاش شکسته بود!!!!کیسه تخم مرع ها گند زد به همه چی",2
1767,"۳ تا از ۶ تا تخم مرغ طوری شکسته بود که غیر قابل استفاده بود.",2
2146,"با سلام
تو صفحه نمایش شکر را 1 درصد تخفیف و قند را 200025000 بالا درصد تخفیف نشان داد اما موقع پرداخت زیادی پول کم کرده حالا که فاکتور بدستمان رسید میبینیم تخفیف های که به ما نشان داده بوده الکی بوده و چیز دیگری حساب کرده.
لطفا بر این سفارش تخفیف نمایشی را لحاظ کنید",0
399,"متاسفانه مایع سفیدکننده در داخل پلاستیک ریخته بود و موقعی که پسرم اونو گرفت مایع روی تیشرتش ریخت و تیشرت رو خراب کرد.",2
849,"چرا مبلغ فاکتور زمان خرید از برنامه یه چیزی هست بعد زمانی که فاکتور فروشگاه میاد مبلغ فاکتور خرید تو برنامه با فاکتور فروشگاه یکی میکنید بعد یه جنسی که ندارید رو با دستکاری از لیست خرید پاک میکنید و مبلغ رو رو هم دستکاری میکنید 
واقعا که ؟!
ما رو چی فرض کردید؟؟",0
1482,"با سلام.
همیشه تخم‌مرغ ها شکسته به بنده تحویل داده میشود 
واینکه وقتی بالای ۲۲۰هزارتثمن‌خرید میکنم چرا ارسالم رایگان نیست؟!!!!!",2
1144,"سلام
سفارشم درست و کامل بود
فقط از رفتار پیک راضی نبودم، چون که کیسه هارو روی زمین گذاشته بود تا من برم پایین
کمی خیس شده بودن ‌‌و کلی آشغال به کف کیسه ها چسبیده بود",3
249,"پودر قهوه مولتی کافه ۱۰۰گرمی ۱ عدد شکسته",2
1985,"با سلام 
متاسفانه قوطی تن ماهی لادن به شدت آسیب دیده بود.",2
1610,"باسلام وخسته نباشید 
دسر توت فرنگی من شکسته بود و روی ظرف های پنیر ریخته بود",2
1955,"پیک بدون فاکتور تحویل داد اجناس رو.درب منزل نیورد سفارش رو.رفتم پایین دیدم در درب ساختمون رو زمین سفارش ها رو گذاشته و سوار ماشین شده داره میره.جوهر نمک و نوشیدنیها ریخته بود در نایلون و روی بقیه خرید ها.کلا افتضاح بود و دیگر به اسنپ مارکت سفارش نمیدم",3
1022,"نصف تخم مرغ ها شکسته بود",2
232,"علی رغم دریافت هزینه بسته بندی، یخ و ذرت منجد در کنار هم داخل یک بسته بندی مجزا نبودند و مقدار یخ هم خیلی کم بود که باعث شده بود ذرت از انجماد خارج بشه و کیفیت و سلامت آن کاهش پیدا کند.",2
1314,"یخ ناگت اب شده",3
833,"تخمه ۷۵۰گرم خریدم ۵۹۰گرم فرستادید به جای ۳تا ۲۵۰ گرمی، ۲تا۲۵۰گرمی بود با مشتری دیگه جابجا فرستادید",1
693,"این کالا ارسال نشده بود",3
2403,"پیک نیک مخزن گاز نداشت",1
522,"من فکر میکردم یه ست ظرف پلاستیکی تو در تو هست در صورتیگه یه ظرف بزرگ بود و توش پر از ظرف خیلی کوچیک و به دردنخور، حالا هم نمیدونم چه جوری پسش بدم",1
881,"تا حالا به این بی کیفیتی گوشت ندیدم؛ ۱ کیلو فقط چربی و پوست و پلاست تو این بسته بود. دریغ از ۵۰۰ گرم گوشت !!
درسته قلوه گاه؛ اما آنجایی دیگه هم تهیه کردیم انقدر افتضاح نبود.
یعنی واقعا کسی نیست کیفیت محصولات را برسی کنه؟!!
تو را خدا با این گرانی‌ها یکم کیفیت محصولاتتون را قبل ارسال به خلق خدا کنترل کنید..",1
2162,"قارچ ارسالی تازه نبود و در حد درجه ۳ بود و به همین تناسب قیمتش نیز گرانتر از بازار بود",0
679,"سفارش ران گوسفند بوده نصف بیشترش دنده تحویل گرفتیم",1
710,"باز هم همون مشکل قبلی
چرا یکبار برای همیشه قیمت این محصولات و تو سایتتون درست نمیکنید.قیمت فروش روی کالا۱۶۰۰۰ تومان قیمت فروش با ۲۵ درصد تخفیف ۱۵۰۰۰ تومان",0
2416,"یکی از تخم‌مرغ‌ها متاسفانه شکسته بود.
ضمن اینکه تو اپلیکیشن نوشته بود تخم مرغ محلی، ولی روی محصول ننوشته محلی، فقط نوشته تخم مرغ قهوه‌ای زرده طلایی",2
197,"خمیردندان ۶ماه بیشتر تا تاریخ انقضا فرصت نداشت",1
1776,"من چندین باره که میوه سفارش میدم،اصلا کیفیت خوبی نداره،الان هم سیبها لک داشت ونرم شده بود.",1
296,"درود 
محصولات پروتئینی که فساد پذیری بالایی دارند نباید در آخرین روزهای تاریخ انقضا ارسال شوند تاریخ انقضا محصول ارسال شده ۱۱/۵ بوده و قابلیت مصرف ندارد",2
0,"تمام زندگیمون رو نوشابه گرفت !",2
406,"واقعا مسخره اید، منظورتون از انار قرمز‌ چی هست پس؟ این انار دور ریختنی میوه فروشی ها رو جمع کردید به مردم میندازید؟ بابا دستتون درد نکنه
دقیقا این انارها یک هفته مونده به کپک زدنشون که شما براش مشتری پیدا میکنید، بالاخره ایرانه وقتی میبینی هم کلی توش شک هست، اینترنتی هزار بار بدتر",1
1993,"در شامپو بدن کاملا باز بود و مقداری از محطول داخل کیسه ریخته بود لطفا قبل از ارسال حتما از بسته بودن در محصولات شوینده مطمئن بشید و چسب بزنید ممنون",2
1912,"باسلام 
متاسفانه ۲ بسته قند پر از خاکه و خیلی ریز بودند و کیفیت مناسبی نداشتند.",1
813,"قیمت گرون تر از روی خود جلد محصول?بعد تخفیفم میزنید",0
763,"سلام تاریخ رب برای شش ماه پیش است وقتی تازه نباشد رنگ آن تیره است وکیفت آن خوب نمیباشد ممنونم رسیدگی شود",1
1264,"سلام من این دوغرو بخاطر ساشه سبزیجاتی که باید همراهش باشه دوست دارمو همیشه میخرم اما متاسفانه اینبار که دوتا سفارش دادم اسنپ مارکت بدون ساشه سبجیجاتش برام ارسال کرد که خیلی ناراضی بودم",1
1950,"با سلام.
وقتی کیفیت میوه ی ۲۰۰ هزار تومانی تا این حد پایین هست لطفا بنویسید درجه ۲ یا سه که مشتری بدونه چی داره می خره..تمام توت فرنگی ها سفید و لهیده بودند.",1
15,"تمام بطری های روغن فرو رفتگی داشتن.",2
822,"گوشت به این گرانی حتی پاک نشده بود که هیچی کیفیتش بسیار پایین بود",1
3184,"قوطی رب گوجه فامیلا از دو طرف کاملا له شده و درب قرمز پلاستیکی روی شکل هم ندارد. قوطی فلزی آسیب دیده، باید به کارخانه مرجوع شود و نباید تحویل مشتری شود یا داخل قفسه فروشگاه گذاشته شود",1
1812,"محصولات انتخابی برای اولین بار ترکیده بودند و داخل بسته بندی کاملا کثیف شده بود. احتمالا بسته بندی ها در شرایط نامناسب حمل شده بود و کاملا محصولات غیرقابل استفاده بودن. این اتفاق در سفارشات قبلی نیفتاده بود و این بار بسیار ناراضی هستم.",3
953,"تاریخ مصرف کشته است",1
369,"پیاز کپک زده ارسال شده؛که ازش عکس گرفتم؛",1
2468,"درب ماست کاملا پاره شده بیرون ریخته بود",3
564,"سلام متاسفانه بسته بندیتان بسیار ضعیف است و اکثرا سفارش های من آسیب می بینند لطفا از کارتن استفاده فرمایید .اگر اینچنین هر دفعه یه اشکالی برای بارهایم پیش بیاید ناچارا دیگر از شما خرید نخواهم کرد .لطفا رسیدگی فرمایید .ممنون",2
734,"سلام
لطفا تصاویر بیشتری از محصولات را در سایت قرار دهید که اشتباه نخریم
قیمت روی بسته بندی گوشت با فاکتو فرق داشت و وزن هم کردم بهجای ۱/۵ کیلو ۱/۴ بود. 
ممنون میشم دقت کنید",0
1205,"یکی از شیشه های قهوه فوری ها شکسته تحویل داده شد.",3
144,"تخم مرغ شکسته تحویل داده شد. با پشتیبانی تماس گرفتم. هدفونش خراب بود اصلا صدا نمیومد. ۳ ساعت هم تاخیر در تحویل بود",3
1674,"سلام خسته نباشید دیروز که خرید کردم نوشته بودیدجایزه یک ژل ماشین لباسشویی میفرستید ولی داخل خریدم نبود لطفا رسیدگی کنیدممنون.",1
292,"توضیح در خصوص مغایرت قیمت اینکه طبق برچسبی که روی میوه ها خورده بود پرتقال ۹۹۰۰ بوده که در سایت ۱۶۵۰۰ حساب کرده و گریپ فروت حدود ۱۵ بوده که در سایت ۱۹۰۰۰ زده",0
388,"بخشی از محتویات یکی از بطری ها خارج شده و داخل کیسه ریخته شده بود! پیک هم کیسه ای و تحویل داد که چکه می کرد!",2
972,"پیک هاتون خیلی رفتارشون نامناسب است نه جواب سلام میدن نه جواب تشکر انگار طلبکارن",3
147,"کلم سفید بسیار نا مرغوب بود و دور ریخته شد",1
3079,"کاهو ها خراب هستن ، متاسفانه مونده و پلاسیده و لکه های قرمز، 
پیازها خیس و از سردخانه در آوردن ، گذاشتن تو پلاستیک و پر از رطوبت شده",1
2837,"گوجه فرنگی ارسال نشده",1
529,"پنير پيتزا خيلي بد شده بود له وآب شده..تموم چهارگوشه ي پنير آب شده وبد فرم واز فرم پنير پيتزا خارج شده بود وبيشتر شبيه خامه شده...فقط سريعا گذاشتم فريزر ولي اونجوري كه ميخاستم نميشه..",3
428,"رفتار وادب پیک بسیار بد بود",3
162,"سلام. من کنسرو تن ماهی در روغن سفارش داده بودم ولی پک و که باز کردم کنسرو ماهی با فلفل قرمز و کنسرو ماهی دودی داخل پک بود",1
1461,"با اينكه با پشتيباني هم تماس گرفته شد پيك ساعت ٢١:١٧ درب منزل بود",3
1599,"پلاستیک (شامل کل اقلام) کثیف بود. انگار قبلا استفاده شده بود. داخل پلاستیک، ذرات پوست و ریشه‌ی پیاز ریخته بود!",2
2592,"سلام بجای باطری نیم قلم باطری قلمی اورده شده",1
2569,"ماست کاملا ریخته بود تو کیسه.
از ۹ تا تخم مرغ، یکیش کاملا شکسته بود و ۴ تاش ترک خورده بود.",3
733,"گوجه ها خیلی با کیفیت نبود موزها سبز بود",1
562,"از ۱۵ تا تخم مرغ ۸ تاش شکسته بود‌.چه وضعشه آخه",3
1943,"نایلون بسته فیله مرغ پاره شده بود",3
273," میوه ها بی کیفیت",1
2862,"۲ ساعت تاخیر در تحویل. همه ی کیسه ها پر از آب و گل و دستمال کاغذی ها کاملا غیر قابل استفاده",3
2006,"پرتغال یخ زده و غیر قابل مصرف. ضمنا 5 عدد زده بودن تقریبی ولی 3 عدد بزرگ و بسیار بی کیفیت بود",1
925,"پیک ناشنوا بود ",3
1477,"تمام سیب زمینی ها خرااااب بود عکس هم دارم ازشون 
دیگه صیفی جات و میوه جات نمی خرم از هایپر",1
2675,"من دو عدد چایی سفارش دادم یه دونه اومده",1
824,"بسیار بسیار بی کیفیت و کوچک بود. مقرر شد پیگیری فرمایید تا عودت گردد. با تشکر",1
2947,"سلام متاسفانه به جای 2 کیلو موز یک کیلو ارسال وبسیار نا مرغوب واقعا که با این قیمت متعجبگ حالا تکلیف تفاوت وزن جدا از بنجول بودن کالا این موز درمغازه سی چهل تومنه اینم با کسری یک کیلو",0
445,"تاریخ انقضا خامه عسلی دو روز مانده",1
396,"چرا جنس تاریخ مصرف گذشته فرستاده میشه و چک نمیشه",1
1754,"تنوع کم محصولات کیفیت پایین ونداشتن بسته بندی مناسب",2
938,"در مورد مایع لباسشویی درب آن چسب کاری نشده بود و حدود ۴۰% آن کم بود و داخل مشمع محافظ هم نریخته بود.
ضمنا از داخل برنامه به مراحل سفارش دسترسی نیست (ضعف اپلیکیشن)",2
691,"ثبت سفارش با کالایی که به دست من رسیده فرق داره رفعش نکنیدتو شبکه های اجتماعی آبرو براتون نمیزارم",1
1162,"رنگ ارسالی مغایرت دارد",1
1474,"کالاها یک ساعت بعد زمان تعیین شده رسید و به علت بسته بندی اشتباه که کالای سنگین رو. روی کالای سبک تر قرار داده بودن کلوچه ها له شده بود",3
101,"متاسفانه مایع ظرفشوی در کیسه ریخته شده بود و ضمنا"" برای سومین بار طی دو روز خرید تخم مرغ بدلیل عدم موجودی کنسل شده",3
1234,"بیشتر پرتقال ها خراب بودن عکسش رو میفرستم",1
683,"تاریخ انقضای شیر برای دیروز یعنی دوم بهمن بوده.
فورا تعویض کنید",1
1262,"تخم مرغ ها شکسته بود",3
1266,"با سلام.. چنتا از تخم مرغ ها شکسته بود‌
ولی مهمتر از اون هنگ کردن بسیار بسیار کند برنامه است که چندین روز است که کیفیت بسیار پایینی دارد و نیاز شدید به آپدیت جدید داردددددد?
ممنووون",3
142,"متاسفانه سه عدد تخم مرغ ترک داشتند و آرد هم متاسفانه از قسمتی که پرس بود باز شده بود و مقداری هم در کیسه ریخته بود و با توجه به پلمپ نبودنش بلحاظ بهداشتی استفاده نمی‌شود کرد",2
741,"سلام بعد مدتی مجددا خواستم از اسنپ مارکت خرید کنم
بعلت حمل نادرست 3 تا از تخم مرغ ها کاملا شکسته و 3 تای دیگر ترک برداشته بودند",3
3165,"رفتار پیک بسیار زننده و بی ادبانه بود
البته از اسنپ داشتن چنین پیکهایی اصلا بعید نیست
چون از هر کس و ناکسی بعنوان پیک استفاده میکنید
واقعا شرم آوره",3
3244,"با سلام
درب ظرف رب گوجه بر اثر ضربه کاملا دفرمه وله شده بود بصورتی که مواد درون ظرف هوا میکشید ...",1
2294,"لطفا در بسته بندی دقت بیشتری شود",2
245,"سلام خسته نباشید
من قبلا چند بار این محصول رو سفارش دادم وبا کیفیت عالی تحویل گرفتم سری آخر به هیچ وجه قابل مقایسه با دفعات قبل نبود گوشت بسیار پر چربی حتی بعضا قلوه گاه بود
ممنون",1
2272,"سلام عرض ادب دقیقا دوروز پیش ۲عددمرغ گرفتم سمین کاملاخشک تمیزوعالی ولی امروزچشمت روزبدنبینه ۲مرغ سمین باهمان وزن پرازآب کثیکف که نه ولی کاملاازهرنظرباقبلی فرق داشت یکیش که رانش خونمردگی داشت وقتی پاک وشسته شدندکوچک شدن جلل خالق توصیه ازمبدا کنترول شود ....کوشیدنتان مستدام",1
233,"سه مورد سبزی قلیه و تخم مرغ و خرما به دستم نرسیده ولی در فاکتور ثبت شده
با پشتیبانی تماس گرفتم و اطلاع دادم ...ممنون میشم سریع تر پیگیری بشه",1
1134,"بدلیل حمل یکجای تمام اقلام بصورت تجمیعی، تمام خوراکی‌ها به علت فشار وارده تماما"" خُرد شده و از بین رفته بودن. پنیر هم سوراخ شده بود و آب آن ریخته بود روی تمام پلاستیک‌های بسته بندی‌شده
واقعا"" جای تاسف داشت برای هایپر مارکت",1
2033,"تاریخ انقضا پنیر ده روزه بود برای پنیر یک کیلویی و بسته بندی له شده و تخت فشار برای همه محصولات قبلا خیلی راضی بودم اما دیگه از این فروشگاه خرید نمیکنم بار دوم بود این مدلی ارسال کردند",1
759,"یک عدد پنیر لبنه سوراخ بوده است و خالی از اب",1
491,"الان دو بار هست كه اجناس پاره هست سري پيش دوغ كيسه اي كه مقدار زياديش ريخته بود توي كيسه اين سري هم شكر يه مقداريش ريخته بود
قبلا هم كيك كه مي خريدم له ميشد 
احتمالا بايد موقع بسته بندي و همين طور حمل دقت كرد",2
523,"هم مایع دستشویی رو اشتباه فرستادید و هم سیرابی گوساله سفارش داده بودم که گوسفند فرستادید، خب مدل گوسفندی می‌خواستم کور و خنگ نبودم که، خودم انتخابش میکردم! الان سیرابی رو چکار کنم وقتی نمیخوامش؟! برای چی سر خود ارسال میکنید بدون هماهنگی؟!",1
198,"پیک حتی بخودشون زحمت ندادن از ماشین پیاده بشن وسایل رو تحویل بدن ، نشسته پشت فرمان در رو بازکردن کیسه رو داد بدستم بنظرم این رفتار درست نیست و یجور بی احترامی به خریدار هست",3
826,"بنده درخواست شیر کرده بودم ولی متأسفانه همکاران بجاش دوغ ارسال کردند که به علت اینکه بنده فشارم بالاست نمی توانم استفاده کنم",1
22,"زیر پوشش آلمینیومی بشکه ماست موسیر پاک اثرات زنگ زدگی مشاهده شد.به دلیل جدا کردن کامل آن امکان عکس گرفتن وجود نداشت با توجه به آلیاژ این پوشش که آلمینیوم میباشد زنگ زدن آن غیر طبیعی است.",1
539," 6 بار زنگ زده قبلش پیک و در نهایت جلوی در ورودی گذاشتن رفتن",3
2508,"باکس آب معدنی تحویل داده نشد منم دیر متوجه شدم تماس گرفتم با راننده ایشون تایید کردند
ممنون میشم پیگیری کنید باتشکر",1
492,"سلام
شیر ارسالی تاریخ نداشت",1
636,"بادمجان های ارسالی با عنوان درجه یک خریده شد ولی محصول ارسالی به دلیل کهنه بودن حتا ارزش پوست کندن هم ندارن . ای کاش نظارت قبل ارسال بهتر بود",1
282,"کم فروشی اتفاق افتاده .بیسکوییت شیرین عسل ماری ۱۸۰گرمی فاکتور شده اما ۱۵۰گرمی ارسال شده ۱۲ عدد هست درمجموع ۳۶۰گرم کم فردشی شده لطفا کالای مورد نظر رو مرجوع کنین یا اختلاف قیمت محاسبه شود .گزارش مشکل رو در قسمت پشتیبانی با عکس ارایه کردم همکاران اسنبی تماس گرفتن و گفتن مبلغ ۴۸۰۰۰تومان یعنی ۵۰درصد مبلغ سفارشم بهم بازگشت داده میشه ولی تا این لحظه چیزی به حسابم بر نگشته لطفا پیگیری کنین",1
573,"پیک زنگ زد گفت بسته رو می‌گذارم تو آسانسور بردارید، ازش خواهش کردم که بیاره بالا تحویل بده، آورد ولی آنچنان با لگد زد به درب آسانسور که باز بشه که درب آسانسور به دیوار برخورد کرد و وقتی به کارش اعتراض کردیم گفت مگه آسانسور مال شما هست؟ ازش بپرسید آسانسور مال کی هست، لطفاً رسیدگی کنید",3
2776,"سلام 
لطفا سفارش مشتری رو برمبنای عکس داخل اپلیکیشن بفرستید عکس قارچ رو در اپلیکیشن ببینید بعدش عکس قارچ مونده و رنگ قهوه ای تحویلیه منو ببینید ، واقعا متاسفم 
ولی بخش مشکلات اعلام کردم لطفا برای عودتش هرچه سریعتراقدام کنید .",1
3033,"مربا ریخته جعبش ترکیده بود 
کاهو کیفیت بسیار پایین همه برگه هایش لزج هستش",1
2450,"سلام
عکس در اپلیکیشن شکلات با ساک هست که من به همین دلیل برای هدیه انتخاب کردم،اما متاسفانه چیزی که به دست من رسید بی ساک هست",1
504,"به نان ساندویچی امگا ۳ برای من نان تست آوردن",1
2275,"متاسفانه تاریخش آخرین روزش بود من چطوری یک بسته نون تست رو امروز تموم کنم که نمونه کاش میشد عوض کرد",1
1691,"با سلام ژل ماشین ظرفشوئی که به عنوان هدیه درج شده بود به دستمون نرسید",1
2821,"اکثر سینه ها و ران ها خیلی درشت بودند.",1
205,"جای کره زعفرانی، کره صبونه ارسال شده.",1
1771,"سلام. چند تا از گوجه ها براثر فشار ،له شده بودن",3
897,"با عرض سلام و خسته نباشید خدمت شما و همکارانتان ،من سفارش شکلاتی داده بودم که ۳۶۰ گرم ثبت شده بود ولی وقتی برام آوردن روش زده بود ۲۵۰‌گرم و همچنین جعبه هم نداده و یه قسمتی هم پاره شده همیشه تعویض کنید چون من میخولستم برای مهمونی ببرم برای ثبت مشکل هم هرکاری کردم ثبت نشد",1
1004,"تاریخ تولید ماست برای ۱۰ روز قبل است
پنیر هم مدل دیگه ای رو آوردن",1
2204,"کیفیت‌سیب‌زمینی‌ها‌خوب‌نیس...",1
13,"چرا سفارش را نصفه و نیمه می آورید ومرغ را کنسل کردید!!!؟",1
671,"بادمجان و هویج ها کیفیت خوبی نداشت",1
2758,"از تاریخ تولید خامه ۶ روز گذشته. البته هنوز دارای تاریخ استفاده می باشد ولی لطفا لبنیات تاریخ جدید باشند و روز باشند تا مشکلی برای سلامتی پیش نیاید.
لطفا قسمت ثبت توضیحات که قبلا در برنامه بوده است جهت توضیحات در مورد سفارش مجدد گنجانده شود.",1
335,"اسکاچ ارسال شده با اونچه در عکس هست بسیاااار مغایرت داره و فوق العاده بی کیفیت و بدرد نخوره، لطفا رسبدگی کنید",1
555,"بسته بندی پاره ویفر همش خورد بود",3
1959,"تاریخ روز گذشته بود یکی از بسته های مرغ و داخل نایلکس خرید ها کثیف بود برخلاف همیشه 
و اینکه نوشته سینه مرغ بدون استخوان ولی همه ی سینه ها شامل کتف هم که استخوان داره میشدن 
و این یعنی مغایرت",1
1007,"سیب زمینی ۱ کیلو فرستاده شده و خراب",1
27,"رشته آش در بسته ها موجود نبود",1
695,"ظاهرا پیک توجیه نیست این چه طرز برخورده متاسفام",3
472,"پلاستیک ها خیس و چسبناک بود",3
2411,"کره تحویل داده نشد",1
688,"وقت به خیر
بسته بندی خوب بود ولی به دلیل حمل بد و بی دقتی رساننده با اینکه سر بطری‌ها را به خوبی چسب زده بودند 
مایع نشت کرده بود
رساننده ها اصلا درست کار نمیکنند",3
2749,"سلام بسته پنیر ک تحویل گرفتم کاملا یخش باز شده بود و مثل آب بهم تحویل دادن قرار بود ساعت ۱۴ تا ۱۷ برسه ساعت ۲۲:۳۰تحویل من شد امروز تازه بارش برف نداشتیم",3
1708,"انتهای دبه ماست آسیب دیده بود و یکی از کلوچه ها به علت فشار له شده بود",3
172,"يكي از بسته هاي برنج پاره بود و توي كيسه ريخته شده بود.",2
1601,"کره ارسال نشده",1
2030,"اصلا راضی نبودم ، اگه محصولی موجود نیست باید همون موقع امکان انتخاب وجود نداشته باشه نه اینکه بعد ارسال نشه . کیفیت پایین دستمال نانو و همچنین فوق العاده ناز‌ بودن فویل آلومینیوم در صورتی که نوشته شده فویل ضخیم",1
244,"یک بسته کم تحویل ما شده",1
843,"با سلام. بنده ۸ عدد کره ی پاستوریزه شکلی سفارش دادم. در حالیکه بعد چندساعت تماس گرفتند و گفتند محصول مورد نظر شما تمام شده و بجاش باید کره کاله با قیمت بیشتر بخرید",1
2306,"سلام من هنوز بسته تخم مرغ رو باز نکردم و ۴ تخم مرغ شکسته هستن",2
237,"سلام خداقوت قیمتی که عسل در اپلیکیشن خورده بود ۴۴۰ هزار بود که با تخفیف ۱۷۹ هزار بود که وقتی اوردن روی محصول عسل ۳۳۷ هزار خورده بود ممنون میشم قیمت واقعی محصول در اپلیکیشن زده بشه",0
1088,"۴عدد از تخم مرغها شکسته بودند یکی که کاملا ریخته شده بود داخل بسته بندی",2
1029,"دوعددنودل سفارش داده بودم ولی متاسفانه دوعدد کوکی شکلاتی دریافت کردم 
ضمنا پرداخت من 5008690 ریال بوده",1
1716,"سلام ، من دو بسته آویشن ۱۰۰ گرمی سفارش دادم ولی یک بسته تحویل دادن ، با پشتبانی تماس گرفتم و گفتن که عکس بارکد کالا رو تو سایت آپلود کنم ولی نه تو اپلیکیشن آپلود شد نه تو سایت",1
3038,"لطفاً اعتبار خود و اعتماد مشتریان همیشگی خود را با تحویل کالایی بجای کالای دیگر از بین نبرید.من پاک کن ام جی ام سفارش دادم اما شما از یک برند بی کیفیت و در سایز کوچکتر بمن تحویل دادید.متاسفم",1
602,"نارگیل خراب و له شده بود اصلا قابل خوردن نبود ، حتی پوستش هم کپک زده بود و بوی بدی میداد لطفا پیگیری کنید",1
337,"شش عدد از تخم مرغ ها شکسته شده بود",2
1206,"سلام، در روز بارانی پیک بدون باکس سفارشات رو تحویل داد آنهم نه درب منزل در خیابان و خیس و از همه بدتر با برخورد شدیدا بی ادبانه پیک که هم سن فرزندم بود.لطفا پیگیری شود.",3
647,"تاریخ بلغورها و دو تا سفیدکننده ها خیلی قدیمی بود و تولید تیر ماه بود و بیشتر از نصف مدت زمان انقضاشون گذشته بود!
یکی از پاناکوتاها هم از داخل بسته بندیش پاره بود و پودرش به بیرون ریخته بود.",1
3218,"کیک تی تاپ را در نایلون کنار دو تا شیر و دو تا ماکارونی قرار دادند و کیک تی تاپ زیر اجناس سنگین مانده بود",2
2396,"گوجه فرنگیها و سیب ها زدگی داشت و پرتقال ها شل بود",1
302,"سیر کهنه یعنی سیر ۷ ساله،سیری که فرستادین نهایت ۱ سالست و با تصویری که ازش گذاشتین کاملا متفاوته...
توری که سوسیس توش قرار داره از ۳ جا پاره شده بود و کل سوسیسا ریخته بود بیرون لطفا به کسی که جمع آوری میکنه بگین هر چی محصول داغون و کج و پارست که میمونه نفرسته این چندمین باره محصولاتی که آسیب دیده فرستاده میشه.به جز این دو مورد بقیه چیزا خوب بود?",1
149,"من پنیر صباح 900 گرمی با 18٪ تخفیف انتخاب کردم از منوی تخفیف ها.، برای من پنیر ۴۰۰ گرمی هرتز، بدون تخفیف فریتادند",1
2293,"در عرض چند ثانیه تغییر قیمت ها به ضرر مشتری و نشان ندادن تغییر قیمت و حذف تخفیف برخی کالای انتخاب شده در سبد به نظر عمدی است و برای دیگر دوستان نیز اتفاق افتاده است و موجب بی اعتمادی شدید است",0
